{
    "minimal": 0.004093794773022334,
    "easy": 0.12016862843717847,
    "medium": 0.11623292097023555,
    "high": 0.10286520634378706
}