{
    "minimal": 1.2205597727550317,
    "easy": 1.2410333680556698,
    "medium": 1.532423203627486,
    "high": 1.6380775333564852
}