{
    "minimal": {
        "llava_bench_coco_German": 0.010765284299850464,
        "llava_bench_coco_Chinese": 6.866455078125e-05,
        "llava_bench_coco_Korean": 0.0045398324728012085,
        "llava_bench_coco_Greek": 0.00713503360748291,
        "llava_bench_coco_Arabic": 0.009348489344120026,
        "llava_bench_coco_Hindi": -0.0072945356369018555
    },
    "easy": {
        "llava_bench_in_the_wild_easy_English": 0.07496437430381775,
        "llava_bench_in_the_wild_easy_German": 0.08927276730537415,
        "llava_bench_in_the_wild_easy_Chinese": 0.16558034718036652,
        "llava_bench_in_the_wild_easy_Korean": 0.1339305192232132,
        "llava_bench_in_the_wild_easy_Greek": 0.10820697247982025,
        "llava_bench_in_the_wild_easy_Arabic": 0.12127232551574707,
        "llava_bench_in_the_wild_easy_Hindi": 0.1479530930519104
    },
    "medium": {
        "llava_bench_in_the_wild_normal_English": 0.08489587903022766,
        "llava_bench_in_the_wild_normal_German": 0.0907362699508667,
        "llava_bench_in_the_wild_normal_Chinese": 0.14686201512813568,
        "llava_bench_in_the_wild_normal_Korean": 0.1311994343996048,
        "llava_bench_in_the_wild_normal_Greek": 0.11379751563072205,
        "llava_bench_in_the_wild_normal_Arabic": 0.11404387652873993,
        "llava_bench_in_the_wild_normal_Hindi": 0.13209545612335205
    },
    "high": {
        "llava_bench_in_the_wild_hard_English": 0.08730152249336243,
        "llava_bench_in_the_wild_hard_German": 0.08366672694683075,
        "llava_bench_in_the_wild_hard_Chinese": 0.11754891276359558,
        "llava_bench_in_the_wild_hard_Korean": 0.1177162379026413,
        "llava_bench_in_the_wild_hard_Greek": 0.1126381903886795,
        "llava_bench_in_the_wild_hard_Arabic": 0.09859094023704529,
        "llava_bench_in_the_wild_hard_Hindi": 0.10259391367435455
    }
}