{
    "ds_id": "changdae/llavabench-shift-natural-v1",
    "src_ds": "",
    "tar_ds": "",
    "shift_type": "NATURAL",
    "shift_modality": "ALL",
    "v_embedder_name": "openai/clip-vit-base-patch32",
    "t_embedder_name": "xlm-roberta-base",
    "data_rootpath": "data/data",
    "emb_rootpath": "embeddings",
    "res_rootpath": "results",
    "mi_ckpt_path": "estimator_ckpt/CLUB_global.pt",
    "mi_est_dim": 500,
    "feature_dim": 768,
    "model_name": "llava-v1.5-13b",
    "ref_model_name": "gpt4",
    "EMI": {
        "llava_bench_coco_English": 0.00306914746761322,
        "llava_bench_coco_German": -0.007696107029914856,
        "llava_bench_coco_Chinese": 0.003000512719154358,
        "llava_bench_coco_Korean": -0.0014706701040267944,
        "llava_bench_coco_Greek": -0.004065871238708496,
        "llava_bench_coco_Arabic": -0.006279319524765015,
        "llava_bench_coco_Hindi": 0.010363727807998657,
        "llava_bench_in_the_wild_easy_English": -0.07189539074897766,
        "llava_bench_in_the_wild_easy_German": -0.08620363473892212,
        "llava_bench_in_the_wild_easy_Chinese": -0.16251122951507568,
        "llava_bench_in_the_wild_easy_Korean": -0.1308613270521164,
        "llava_bench_in_the_wild_easy_Greek": -0.10513781011104584,
        "llava_bench_in_the_wild_easy_Arabic": -0.11820316314697266,
        "llava_bench_in_the_wild_easy_Hindi": -0.1448839157819748,
        "llava_bench_in_the_wild_normal_English": -0.08182686567306519,
        "llava_bench_in_the_wild_normal_German": -0.08766712248325348,
        "llava_bench_in_the_wild_normal_Chinese": -0.14379285275936127,
        "llava_bench_in_the_wild_normal_Korean": -0.12813027203083038,
        "llava_bench_in_the_wild_normal_Greek": -0.11072833836078644,
        "llava_bench_in_the_wild_normal_Arabic": -0.1109747439622879,
        "llava_bench_in_the_wild_normal_Hindi": -0.12902633845806122,
        "llava_bench_in_the_wild_hard_English": -0.08423236012458801,
        "llava_bench_in_the_wild_hard_German": -0.08059757947921753,
        "llava_bench_in_the_wild_hard_Chinese": -0.11447976529598236,
        "llava_bench_in_the_wild_hard_Korean": -0.11464710533618927,
        "llava_bench_in_the_wild_hard_Greek": -0.10956902801990509,
        "llava_bench_in_the_wild_hard_Arabic": -0.09552174806594849,
        "llava_bench_in_the_wild_hard_Hindi": -0.09952472150325775
    },
    "EMID": {
        "llava_bench_coco_German": 0.010765254497528076,
        "llava_bench_coco_Chinese": 6.86347484588623e-05,
        "llava_bench_coco_Korean": 0.004539817571640015,
        "llava_bench_coco_Greek": 0.007135018706321716,
        "llava_bench_coco_Arabic": 0.009348466992378235,
        "llava_bench_coco_Hindi": -0.007294580340385437,
        "llava_bench_in_the_wild_easy_English": 0.07496453821659088,
        "llava_bench_in_the_wild_easy_German": 0.08927278220653534,
        "llava_bench_in_the_wild_easy_Chinese": 0.1655803769826889,
        "llava_bench_in_the_wild_easy_Korean": 0.13393047451972961,
        "llava_bench_in_the_wild_easy_Greek": 0.10820695757865906,
        "llava_bench_in_the_wild_easy_Arabic": 0.12127231061458588,
        "llava_bench_in_the_wild_easy_Hindi": 0.147953063249588,
        "llava_bench_in_the_wild_normal_English": 0.0848960131406784,
        "llava_bench_in_the_wild_normal_German": 0.0907362699508667,
        "llava_bench_in_the_wild_normal_Chinese": 0.1468620002269745,
        "llava_bench_in_the_wild_normal_Korean": 0.1311994194984436,
        "llava_bench_in_the_wild_normal_Greek": 0.11379748582839966,
        "llava_bench_in_the_wild_normal_Arabic": 0.11404389142990112,
        "llava_bench_in_the_wild_normal_Hindi": 0.13209548592567444,
        "llava_bench_in_the_wild_hard_English": 0.08730150759220123,
        "llava_bench_in_the_wild_hard_German": 0.08366672694683075,
        "llava_bench_in_the_wild_hard_Chinese": 0.11754891276359558,
        "llava_bench_in_the_wild_hard_Korean": 0.11771625280380249,
        "llava_bench_in_the_wild_hard_Greek": 0.11263817548751831,
        "llava_bench_in_the_wild_hard_Arabic": 0.0985908955335617,
        "llava_bench_in_the_wild_hard_Hindi": 0.10259386897087097
    },
    "EMID_UB": {
        "llava_bench_coco_German": 1.6463122171123086,
        "llava_bench_coco_Chinese": 1.6839752397168586,
        "llava_bench_coco_Korean": 1.6887354640270311,
        "llava_bench_coco_Greek": 1.7181449875512538,
        "llava_bench_coco_Arabic": 1.7099746112615817,
        "llava_bench_coco_Hindi": 1.713440836585491,
        "llava_bench_in_the_wild_easy_English": 1.7802456940617146,
        "llava_bench_in_the_wild_easy_German": 2.0724515766881315,
        "llava_bench_in_the_wild_easy_Chinese": 2.165289510742973,
        "llava_bench_in_the_wild_easy_Korean": 2.164907800066742,
        "llava_bench_in_the_wild_easy_Greek": 2.1611469780182655,
        "llava_bench_in_the_wild_easy_Arabic": 2.1692199410704194,
        "llava_bench_in_the_wild_easy_Hindi": 2.2121927704367224,
        "llava_bench_in_the_wild_normal_English": 1.6917276653070685,
        "llava_bench_in_the_wild_normal_German": 1.9931836055354277,
        "llava_bench_in_the_wild_normal_Chinese": 2.0822643836616472,
        "llava_bench_in_the_wild_normal_Korean": 2.08630169126163,
        "llava_bench_in_the_wild_normal_Greek": 2.0958224602353184,
        "llava_bench_in_the_wild_normal_Arabic": 2.0904406121092016,
        "llava_bench_in_the_wild_normal_Hindi": 2.1082044783259417,
        "llava_bench_in_the_wild_hard_English": 1.7470171218351418,
        "llava_bench_in_the_wild_hard_German": 2.0202017398630203,
        "llava_bench_in_the_wild_hard_Chinese": 2.1114386335585658,
        "llava_bench_in_the_wild_hard_Korean": 2.123759958746765,
        "llava_bench_in_the_wild_hard_Greek": 2.1278038036768288,
        "llava_bench_in_the_wild_hard_Arabic": 2.1216347862642064,
        "llava_bench_in_the_wild_hard_Hindi": 2.1387715089487203
    },
    "PearsonR": 0.8762723176688022,
    "PearsonPval": 2.105134427503622e-09
}