{
  "rho": -0.28958073332046624,
  "p_value": 2.164205072519427e-173,
  "ci": [
    -0.30587626992365874,
    -0.2733395056121935
  ],
  "bootstrap_samples": 1000,
  "num_negative_samples": 50,
  "num_points": 9000
}