{
  "dataset_dir": "results/concept_drift_detection/datasets",
  "k_trials": 100,
  "subset_size": 200,
  "seed": 42,
  "alpha": 0.05,
  "alternative": "less",
  "method": "asymptotic",
  "emid_scores_loaded_from": null,
  "overall_test": {
    "U_statistic": 38892.0,
    "p_value": 1.0,
    "decision": "No significant separation"
  },
  "pairwise_tests": {
    "D2_migrated": {
      "U_statistic": 8903.0,
      "p_value": 1.0,
      "decision": "No significant separation"
    },
    "D3_migrated": {
      "U_statistic": 9989.0,
      "p_value": 1.0,
      "decision": "No significant separation"
    },
    "D4_migrated": {
      "U_statistic": 10000.0,
      "p_value": 1.0,
      "decision": "No significant separation"
    },
    "D5_migrated": {
      "U_statistic": 10000.0,
      "p_value": 1.0,
      "decision": "No significant separation"
    }
  },
  "scores_summary": {
    "scores_id_mean": -0.00015984561294317247,
    "scores_id_std": 0.013034532634721865,
    "scores_id_min": -0.03020530939102173,
    "scores_id_max": 0.03084893524646759,
    "scores_ood_mean": -0.06163386718602851,
    "scores_ood_std": 0.031187030486777276,
    "scores_ood_min": -0.12453303672373295,
    "scores_ood_max": 0.005469515919685364
  },
  "scores_ood_by_dataset_summary": {
    "D2_migrated": {
      "mean": -0.02226660691201687,
      "std": 0.01229313344373739,
      "min": -0.06342499330639839,
      "max": 0.005469515919685364,
      "n": 100
    },
    "D3_migrated": {
      "mean": -0.050202552620321514,
      "std": 0.011333274701317586,
      "min": -0.08136618882417679,
      "max": -0.02322264015674591,
      "n": 100
    },
    "D4_migrated": {
      "mean": -0.07485651237890124,
      "std": 0.013503745058109256,
      "min": -0.10835225135087967,
      "max": -0.042403899133205414,
      "n": 100
    },
    "D5_migrated": {
      "mean": -0.09920979683287441,
      "std": 0.01256321319669357,
      "min": -0.12453303672373295,
      "max": -0.055434850975871086,
      "n": 100
    }
  }
}