{
  "rho": -0.3325276579938295,
  "p_value": 2.794539078896554e-231,
  "ci": [
    -0.34829260242793497,
    -0.3158560707845951
  ],
  "bootstrap_samples": 1000,
  "num_negative_samples": 50,
  "num_points": 9000
}