{
  "num_samples_ood": 9000,
  "num_samples_id": 90,
  "balanced_classes": false,
  "balance_seed": 42,
  "class_balance": {
    "num_ood_original": 9000,
    "num_hallucinated_original": 259,
    "num_non_hallucinated_original": 8741,
    "num_ood_balanced": 9000,
    "num_hallucinated_balanced": 259,
    "num_non_hallucinated_balanced": 8741
  },
  "emi_id_emi_class": -0.0005757623248630103,
  "k_values": [
    10,
    15,
    20,
    25
  ],
  "hallucination_ratio_definition": "no->yes / (no->yes + no->no)",
  "emid_definitions": {
    "emid_avg_pemi": "EMID_avg_pemi = EMI_ID_emi_class - EMI_OOD_avg_pemi",
    "emid_emi_class": "EMID_emi_class = EMI_ID_emi_class - EMI_OOD_emi_class"
  },
  "methods": {
    "id_method": "EMI_ID computed only with EMI class in main.py (CLUB estimator)",
    "ood_method_avg_pemi": "EMI_OOD from arithmetic mean of pointwise_emi",
    "ood_method_emi_class": "EMI_OOD from EMI class in main.py (CLUB estimator)"
  },
  "results": [
    {
      "K": 10,
      "rho_avg_pemi": 0.5222329678670935,
      "p_value_avg_pemi": 0.12150291881711318,
      "rho_emi_class": 0.6425294053171791,
      "p_value_emi_class": 0.04512593544680717,
      "num_subsets": 10,
      "subset_emid_avg_pemi": [
        0.48568293518490263,
        0.17859089586469862,
        0.13494986057281494,
        0.10057413154178196,
        0.07285816033681235,
        0.04471156067318386,
        0.013452541033426921,
        -0.022898811234368217,
        -0.1057090393702189,
        -0.9079074663586086
      ],
      "subset_emi_ood_avg_pemi": [
        -0.48625869750976564,
        -0.17916665818956162,
        -0.13552562289767794,
        -0.10114989386664497,
        -0.07343392266167535,
        -0.04528732299804687,
        -0.014028303358289931,
        0.02232304890950521,
        0.1051332770453559,
        0.9073317040337456
      ],
      "subset_emid_emi_class": [
        0.005630682309468587,
        -0.0005757623248630103,
        -0.0005757623248630103,
        -0.0005757623248630103,
        -0.0005757623248630103,
        -0.0005757623248630103,
        -0.0005757623248630103,
        -0.0005757623248630103,
        -0.0029212310579088,
        -0.0005755737092759877
      ],
      "subset_emi_ood_emi_class": [
        -0.006206444634331597,
        0.0,
        0.0,
        0.0,
        0.0,
        0.0,
        0.0,
        0.0,
        0.0023454687330457897,
        -1.8861558702256944e-07
      ],
      "subset_hallucination_ratio": [
        0.4288079470198676,
        0.0,
        0.0,
        0.0,
        0.0,
        0.0,
        0.0,
        0.0,
        0.0,
        0.0
      ]
    },
    {
      "K": 15,
      "rho_avg_pemi": 0.43301270189221924,
      "p_value_avg_pemi": 0.1069075395762958,
      "rho_emi_class": 0.6190409346982773,
      "p_value_emi_class": 0.01386819061852373,
      "num_subsets": 15,
      "subset_emid_avg_pemi": [
        0.6161880646811592,
        0.21097653971778021,
        0.16924614217546252,
        0.14093976603613959,
        0.11629233307308622,
        0.09605388906266955,
        0.07759755717383492,
        0.05867552704281277,
        0.040081497298346626,
        0.020407870080735947,
        -0.003693387243482802,
        -0.03088388813866509,
        -0.0750691450966729,
        -0.4589414824379815,
        -0.986414131058587
      ],
      "subset_emi_ood_avg_pemi": [
        -0.6167638270060222,
        -0.21155230204264322,
        -0.16982190450032553,
        -0.1415155283610026,
        -0.11686809539794922,
        -0.09662965138753256,
        -0.07817331949869792,
        -0.059251289367675784,
        -0.04065725962320964,
        -0.02098363240559896,
        0.0031176249186197916,
        0.030308125813802083,
        0.07449338277180989,
        0.4583657201131185,
        0.985838368733724
      ],
      "subset_emid_emi_class": [
        0.008090573416815863,
        -0.0005757623248630103,
        -0.0005757623248630103,
        -0.0005757623248630103,
        -0.0005757623248630103,
        -0.0005757623248630103,
        -0.0005757623248630103,
        -0.0005757623248630103,
        -0.0005757623248630103,
        -0.0005757623248630103,
        -0.0005757623248630103,
        -0.0005757623248630103,
        -0.0005757623248630103,
        -0.020054871771070695,
        -0.0005754571490817602
      ],
      "subset_emi_ood_emi_class": [
        -0.008666335741678874,
        0.0,
        0.0,
        0.0,
        0.0,
        0.0,
        0.0,
        0.0,
        0.0,
        0.0,
        0.0,
        0.0,
        0.0,
        0.019479109446207683,
        -3.0517578125e-07
      ],
      "subset_hallucination_ratio": [
        0.5899772209567198,
        0.0,
        0.0,
        0.0,
        0.0,
        0.0,
        0.0,
        0.0,
        0.0,
        0.0,
        0.0,
        0.0,
        0.0,
        0.0,
        0.0
      ]
    },
    {
      "K": 20,
      "rho_avg_pemi": 0.37796447300922725,
      "p_value_avg_pemi": 0.10036562194728639,
      "rho_emi_class": 0.5406548735632486,
      "p_value_emi_class": 0.013843585807604843,
      "num_subsets": 20,
      "subset_emid_avg_pemi": [
        0.7360940747790866,
        0.2352717955907186,
        0.1920121791627672,
        0.16516961256663004,
        0.1447986544503106,
        0.12510106669531929,
        0.10805086188846165,
        0.09309740119510228,
        0.0808620055516561,
        0.0648543151219686,
        0.05050478034549289,
        0.03891834100087484,
        0.021788790490892197,
        0.005116291575961642,
        -0.011495714717441135,
        -0.0343019077512953,
        -0.06758866786956787,
        -0.14382941087086995,
        -0.7929210890663995,
        -1.022893843650818
      ],
      "subset_emi_ood_avg_pemi": [
        -0.7366698371039496,
        -0.2358475579155816,
        -0.1925879414876302,
        -0.16574537489149305,
        -0.1453744167751736,
        -0.1256768290201823,
        -0.10862662421332465,
        -0.09367316351996528,
        -0.0814377678765191,
        -0.0654300774468316,
        -0.0510805426703559,
        -0.03949410332573785,
        -0.02236455281575521,
        -0.005692053900824653,
        0.010919952392578125,
        0.03372614542643229,
        0.06701290554470486,
        0.14325364854600695,
        0.7923453267415365,
        1.022318081325955
      ],
      "subset_emid_emi_class": [
        0.009711181322733561,
        -0.0005757623248630103,
        -0.0005757623248630103,
        -0.0005757623248630103,
        -0.0005757623248630103,
        -0.0005757623248630103,
        -0.0005757623248630103,
        -0.0005757623248630103,
        -0.0005757623248630103,
        -0.0005757623248630103,
        -0.0005757623248630103,
        -0.0005757623248630103,
        -0.0005757623248630103,
        -0.0005757623248630103,
        -0.0005757623248630103,
        -0.0005757623248630103,
        -0.0005757623248630103,
        -0.005412775145636665,
        -0.0005755207273695207,
        -0.00057542535993788
      ],
      "subset_emi_ood_emi_class": [
        -0.010286943647596572,
        0.0,
        0.0,
        0.0,
        0.0,
        0.0,
        0.0,
        0.0,
        0.0,
        0.0,
        0.0,
        0.0,
        0.0,
        0.0,
        0.0,
        0.0,
        0.0,
        0.004837012820773655,
        -2.4159749348958335e-07,
        -3.3696492513020833e-07
      ],
      "subset_hallucination_ratio": [
        0.7295774647887324,
        0.0,
        0.0,
        0.0,
        0.0,
        0.0,
        0.0,
        0.0,
        0.0,
        0.0,
        0.0,
        0.0,
        0.0,
        0.0,
        0.0,
        0.0,
        0.0,
        0.0,
        0.0,
        0.0
      ]
    },
    {
      "K": 25,
      "rho_avg_pemi": 0.3396831102433787,
      "p_value_avg_pemi": 0.09665680981276147,
      "rho_emi_class": 0.5319951765989315,
      "p_value_emi_class": 0.006196247455608386,
      "num_subsets": 25,