{
  "pemi_value_ranges": {
    "hallucination_label_1": {
      "count": 259,
      "min": -1.4108734130859375,
      "max": -0.6684494018554688,
      "range": [
        -1.4108734130859375,
        -0.6684494018554688
      ]
    },
    "hallucination_label_0": {
      "count": 8741,
      "min": -0.4922332763671875,
      "max": 1.3033447265625,
      "range": [
        -0.4922332763671875,
        1.3033447265625
      ]
    }
  },
  "num_samples": 9000,
  "roc_auc": 1.0,
  "roc_auc_ci": {
    "lower": 0.9999999999999999,
    "upper": 1.0,
    "num_bootstrap": 1000,
    "num_valid_bootstrap": 1000
  },
  "pr_auc": 1.0,
  "robustness_tests": {
    "label_shuffle_test": {
      "mean_auc": 0.4997144663744595,
      "std_auc": 0.0180443993483926,
      "min_auc": 0.4513160585692333,
      "max_auc": 0.5450625662843944,
      "num_repeats": 200,
      "num_valid": 200
    },
    "input_output_swap_test": {
      "mean_auc": 0.4995291892068576,
      "std_auc": 0.018434560401290195,
      "min_auc": 0.45502003384396705,
      "max_auc": 0.5698843465689364,
      "num_repeats": 200
    },
    "random_score_test": {
      "mean_auc": 0.5003297732825247,
      "std_auc": 0.017690761511669727,
      "min_auc": 0.45630872835998104,
      "max_auc": 0.5483433815432442,
      "num_repeats": 200
    }
  },
  "distribution_separation": {
    "hallucination_mean": -1.0501741681780135,
    "hallucination_median": -1.0533447265625,
    "no_hallucination_mean": 0.031110737583154725,
    "no_hallucination_median": -0.05682373046875,
    "mean_gap_label1_minus_label0": -1.0812849057611682
  },
  "per_category_metrics": {
    "adversarial": {
      "num_samples": 3000,
      "num_hallucination_label_0": 2850,
      "num_hallucination_label_1": 150,
      "pemi_ranges": {
        "hallucination_label_1": {
          "count": 150,
          "min": -1.4108734130859375,
          "max": -0.6684494018554688,
          "range": [
            -1.4108734130859375,
            -0.6684494018554688
          ]
        },
        "hallucination_label_0": {
          "count": 2850,
          "min": -0.4922332763671875,
          "max": 1.3033447265625,
          "range": [
            -0.4922332763671875,
            1.3033447265625
          ]
        }
      },
      "roc_auc": 1.0,
      "pr_auc": 1.0,
      "roc_auc_ci": {
        "lower": 0.9999999999999999,
        "upper": 1.0
      },
      "robustness_tests": {
        "label_shuffle_test": {
          "mean_auc": 0.5001371929824561,
          "std_auc": 0.023145953390600212,
          "min_auc": 0.4397707602339181,
          "max_auc": 0.5542912280701755,
          "num_repeats": 200,
          "num_valid": 200
        },
        "input_output_swap_test": {
          "mean_auc": 0.4982177426900584,
          "std_auc": 0.02464251656274565,
          "min_auc": 0.4391625730994152,
          "max_auc": 0.5588222222222223,
          "num_repeats": 200
        }
      }
    },
    "popular": {
      "num_samples": 3000,
      "num_hallucination_label_0": 2926,
      "num_hallucination_label_1": 74,
      "pemi_ranges": {
        "hallucination_label_1": {
          "count": 74,
          "min": -1.3741302490234375,
          "max": -0.6984100341796875,
          "range": [
            -1.3741302490234375,
            -0.6984100341796875
          ]
        },
        "hallucination_label_0": {
          "count": 2926,
          "min": -0.392608642578125,
          "max": 1.2410430908203125,
          "range": [
            -0.392608642578125,
            1.2410430908203125
          ]
        }
      },
      "roc_auc": 1.0,
      "pr_auc": 0.9999999999999999,
      "roc_auc_ci": {
        "lower": 0.9999999999999999,
        "upper": 1.0
      },
      "robustness_tests": {
        "label_shuffle_test": {
          "mean_auc": 0.49716680367996163,
          "std_auc": 0.034533602461267535,
          "min_auc": 0.41175343149027355,
          "max_auc": 0.5961117474275369,
          "num_repeats": 200,
          "num_valid": 200
        },
        "input_output_swap_test": {
          "mean_auc": 0.4986138141730247,
          "std_auc": 0.034343255945553805,
          "min_auc": 0.4180876022981286,
          "max_auc": 0.608623062570431,
          "num_repeats": 200
        }
      }
    },
    "random": {
      "num_samples": 3000,
      "num_hallucination_label_0": 2965,
      "num_hallucination_label_1": 35,
      "pemi_ranges": {
        "hallucination_label_1": {
          "count": 35,
          "min": -1.32958984375,
          "max": -0.7409515380859375,
          "range": [
            -1.32958984375,
            -0.7409515380859375
          ]
        },
        "hallucination_label_0": {
          "count": 2965,
          "min": -0.3975830078125,
          "max": 1.241546630859375,
          "range": [
            -0.3975830078125,
            1.241546630859375
          ]
        }
      },
      "roc_auc": 1.0,
      "pr_auc": 1.0,
      "roc_auc_ci": {
        "lower": 0.9999999999999999,
        "upper": 1.0
      },
      "robustness_tests": {
        "label_shuffle_test": {
          "mean_auc": 0.5027207419898819,
          "std_auc": 0.04877876444657668,
          "min_auc": 0.36994459166465915,
          "max_auc": 0.6302625873283546,
          "num_repeats": 200,
          "num_valid": 200
        },
        "input_output_swap_test": {
          "mean_auc": 0.4983811852565647,
          "std_auc": 0.04743406552251559,
          "min_auc": 0.3356877860756444,
          "max_auc": 0.6250493856901952,
          "num_repeats": 200
        }
      }
    }
  }
}