{
  "pemi_value_ranges": {
    "hallucination_label_1": {
      "count": 259,
      "min": -1.4108734130859375,
      "max": -0.6684494018554688,
      "range": [
        -1.4108734130859375,
        -0.6684494018554688
      ]
    },
    "hallucination_label_0": {
      "count": 8741,
      "min": -0.4922332763671875,
      "max": 1.3033447265625,
      "range": [
        -0.4922332763671875,
        1.3033447265625
      ]
    }
  },
  "num_samples": 9000,
  "roc_auc": 1.0,
  "roc_auc_ci": {
    "lower": 0.9999999999999999,
    "upper": 1.0,
    "num_bootstrap": 1000,
    "num_valid_bootstrap": 1000
  },
  "pr_auc": 1.0,
  "robustness_tests": {
    "label_shuffle_test": {
      "mean_auc": 0.4997144663744595,
      "std_auc": 0.0180443993483926,
      "min_auc": 0.4513160585692333,
      "max_auc": 0.5450625662843944,
      "num_repeats": 200,
      "num_valid": 200
    },
    "input_output_swap_test": {
      "mean_auc": 0.4995291892068576,
      "std_auc": 0.018434560401290195,
      "min_auc": 0.45502003384396705,
      "max_auc": 0.5698843465689364,
      "num_repeats": 200
    },
    "random_score_test": {
      "mean_auc": 0.5003297732825247,
      "std_auc": 0.017690761511669727,
      "min_auc": 0.45630872835998104,
      "max_auc": 0.5483433815432442,
      "num_repeats": 200
    }
  },
  "distribution_separation": {
    "hallucination_mean": -1.0501741681780135,
    "hallucination_median": -1.0533447265625,
    "no_hallucination_mean": 0.031110737583154725,
    "no_hallucination_median": -0.05682373046875,
    "mean_gap_label1_minus_label0": -1.0812849057611682
  },
  "per_category_metrics": {
    "adversarial": {
      "num_samples": 3000,
      "num_hallucination_label_0": 2850,
      "num_hallucination_label_1": 150,
      "pemi_ranges": {
        "hallucination_label_1": {
          "count": 150,
          "min": -1.4108734130859375,
          "max": -0.6684494018554688,
          "range": [
            -1.4108734130859375,
            -0.6684494018554688
          ]
        },
        "hallucination_label_0": {
          "count": 2850,
          "min": -0.4922332763671875,
          "max": 1.3033447265625,
          "range": [
            -0.4922332763671875,
            1.3033447265625
          ]
        }
      },
      "roc_auc": 1.0,
      "pr_auc": 1.0,
      "roc_auc_ci": {
        "lower": 0.9999999999999999,
        "upper": 1.0
      },
      "robustness_tests": {
        "label_shuffle_test": {
          "mean_auc": 0.4992243333333333,
          "std_auc": 0.024744319169616415,
          "min_auc": 0.42170175438596497,
          "max_auc": 0.5633333333333334,
          "num_repeats": 200,
          "num_valid": 200
        },
        "input_output_swap_test": {
          "mean_auc": 0.5018225438596491,
          "std_auc": 0.02366412069993108,
          "min_auc": 0.44182573099415207,
          "max_auc": 0.5611333333333334,
          "num_repeats": 200
        }
      }
    },
    "popular": {
      "num_samples": 3000,
      "num_hallucination_label_0": 2926,
      "num_hallucination_label_1": 74,
      "pemi_ranges": {
        "hallucination_label_1": {
          "count": 74,
          "min": -1.3741302490234375,
          "max": -0.6984100341796875,
          "range": [
            -1.3741302490234375,
            -0.6984100341796875
          ]
        },
        "hallucination_label_0": {
          "count": 2926,
          "min": -0.392608642578125,
          "max": 1.2410430908203125,
          "range": [
            -0.392608642578125,
            1.2410430908203125
          ]
        }
      },
      "roc_auc": 1.0,
      "pr_auc": 0.9999999999999999,
      "roc_auc_ci": {
        "lower": 0.9999999999999999,
        "upper": 1.0
      },
      "robustness_tests": {
        "label_shuffle_test": {
          "mean_auc": 0.4980288443775286,
          "std_auc": 0.035181037012549515,
          "min_auc": 0.40676322255269626,
          "max_auc": 0.5815867986920619,
          "num_repeats": 200,
          "num_valid": 200
        },
        "input_output_swap_test": {
          "mean_auc": 0.4972773110602058,
          "std_auc": 0.03298349798209011,
          "min_auc": 0.3926400768506032,
          "max_auc": 0.5738416988416988,
          "num_repeats": 200
        }
      }
    },
    "random": {
      "num_samples": 3000,
      "num_hallucination_label_0": 2965,
      "num_hallucination_label_1": 35,
      "pemi_ranges": {
        "hallucination_label_1": {
          "count": 35,
          "min": -1.32958984375,
          "max": -0.7409515380859375,
          "range": [
            -1.32958984375,
            -0.7409515380859375
          ]
        },
        "hallucination_label_0": {
          "count": 2965,
          "min": -0.3975830078125,
          "max": 1.241546630859375,
          "range": [
            -0.3975830078125,
            1.241546630859375
          ]
        }
      },
      "roc_auc": 1.0,
      "pr_auc": 1.0,
      "roc_auc_ci": {
        "lower": 0.9999999999999999,
        "upper": 1.0
      },
      "robustness_tests": {
        "label_shuffle_test": {
          "mean_auc": 0.5014906769453144,
          "std_auc": 0.04680765891828087,
          "min_auc": 0.38835943146229823,
          "max_auc": 0.6177643941218983,
          "num_repeats": 200,
          "num_valid": 200
        },
        "input_output_swap_test": {
          "mean_auc": 0.5068609732594556,
          "std_auc": 0.04850468842686699,
          "min_auc": 0.3899445916646591,
          "max_auc": 0.6237051312936641,
          "num_repeats": 200
        }
      }
    }
  }
}