{
    "ds_id": "changdae/llavabench-shift-synthetic-v1",
    "src_ds": "",
    "tar_ds": "",
    "shift_type": "SYNTHETIC",
    "shift_modality": "ALL",
    "v_embedder_name": "openai/clip-vit-base-patch32",
    "t_embedder_name": "xlm-roberta-base",
    "data_rootpath": "data/data",
    "emb_rootpath": "embeddings",
    "res_rootpath": "results",
    "mi_ckpt_path": "estimator_ckpt/CLUB_global.pt",
    "mi_est_dim": 500,
    "feature_dim": 768,
    "model_name": "llava-v1.5-13b",
    "ref_model_name": "gpt4",
    "EMI": {
        "llava_bench_coco_defocus_blur_1_sr_4": -0.0013225823640823364,
        "llava_bench_coco_defocus_blur_1_sr_7": -0.005934387445449829,
        "llava_bench_coco_defocus_blur_1_KeyboardAug_1": 0.001341506838798523,
        "llava_bench_coco_defocus_blur_1_KeyboardAug_3": -0.0026185214519500732,
        "llava_bench_coco_defocus_blur_3_sr_4": 0.0018381327390670776,
        "llava_bench_coco_defocus_blur_3_sr_7": -0.010652899742126465,
        "llava_bench_coco_defocus_blur_3_KeyboardAug_1": 0.0007031261920928955,
        "llava_bench_coco_defocus_blur_3_KeyboardAug_3": -0.002047039568424225,
        "llava_bench_coco_defocus_blur_5_sr_4": 0.0009553134441375732,
        "llava_bench_coco_defocus_blur_5_sr_7": -0.01218394935131073,
        "llava_bench_coco_defocus_blur_5_KeyboardAug_1": 0.004787728190422058,
        "llava_bench_coco_defocus_blur_5_KeyboardAug_3": 0.0009608268737792969,
        "llava_bench_coco_frost_1_sr_4": 0.003643035888671875,
        "llava_bench_coco_frost_1_sr_7": -0.01468445360660553,
        "llava_bench_coco_frost_1_KeyboardAug_1": -0.0011456608772277832,
        "llava_bench_coco_frost_1_KeyboardAug_3": -0.0010733529925346375,
        "llava_bench_coco_frost_3_sr_4": -0.0036540478467941284,
        "llava_bench_coco_frost_3_sr_7": -0.009043753147125244,
        "llava_bench_coco_frost_3_KeyboardAug_1": 0.0019004344940185547,
        "llava_bench_coco_frost_3_KeyboardAug_3": -0.0026513487100601196,
        "llava_bench_coco_frost_5_sr_4": -0.003866732120513916,
        "llava_bench_coco_frost_5_sr_7": -0.010117009282112122,
        "llava_bench_coco_frost_5_KeyboardAug_1": -4.0337443351745605e-05,
        "llava_bench_coco_frost_5_KeyboardAug_3": 0.0007885396480560303
    },
    "EMID": {
        "llava_bench_coco_defocus_blur_1_sr_7": 0.004611805081367493,
        "llava_bench_coco_defocus_blur_1_KeyboardAug_1": -0.0026640892028808594,
        "llava_bench_coco_defocus_blur_1_KeyboardAug_3": 0.0012959390878677368,
        "llava_bench_coco_defocus_blur_3_sr_4": -0.003160715103149414,
        "llava_bench_coco_defocus_blur_3_sr_7": 0.009330317378044128,
        "llava_bench_coco_defocus_blur_3_KeyboardAug_1": -0.002025708556175232,
        "llava_bench_coco_defocus_blur_3_KeyboardAug_3": 0.0007244572043418884,
        "llava_bench_coco_defocus_blur_5_sr_4": -0.0022778958082199097,
        "llava_bench_coco_defocus_blur_5_sr_7": 0.010861366987228394,
        "llava_bench_coco_defocus_blur_5_KeyboardAug_1": -0.0061103105545043945,
        "llava_bench_coco_defocus_blur_5_KeyboardAug_3": -0.0022834092378616333,
        "llava_bench_coco_frost_1_sr_4": -0.004965618252754211,
        "llava_bench_coco_frost_1_sr_7": 0.013361871242523193,
        "llava_bench_coco_frost_1_KeyboardAug_1": -0.00017692148685455322,
        "llava_bench_coco_frost_1_KeyboardAug_3": -0.000249229371547699,
        "llava_bench_coco_frost_3_sr_4": 0.002331465482711792,
        "llava_bench_coco_frost_3_sr_7": 0.007721170783042908,
        "llava_bench_coco_frost_3_KeyboardAug_1": -0.003223016858100891,
        "llava_bench_coco_frost_3_KeyboardAug_3": 0.0013287663459777832,
        "llava_bench_coco_frost_5_sr_4": 0.0025441497564315796,
        "llava_bench_coco_frost_5_sr_7": 0.008794426918029785,
        "llava_bench_coco_frost_5_KeyboardAug_1": -0.0012822449207305908,
        "llava_bench_coco_frost_5_KeyboardAug_3": -0.0021111220121383667
    },
    "EMID_UB": {
        "llava_bench_coco_defocus_blur_1_sr_7": 1.260361426100129,
        "llava_bench_coco_defocus_blur_1_KeyboardAug_1": 1.3945210639452201,
        "llava_bench_coco_defocus_blur_1_KeyboardAug_3": 1.4917896538447089,
        "llava_bench_coco_defocus_blur_3_sr_4": 1.1125711255005521,
        "llava_bench_coco_defocus_blur_3_sr_7": 1.4167961610304314,
        "llava_bench_coco_defocus_blur_3_KeyboardAug_1": 1.5470244525232688,
        "llava_bench_coco_defocus_blur_3_KeyboardAug_3": 1.6469133404391612,
        "llava_bench_coco_defocus_blur_5_sr_4": 1.1891592217420128,
        "llava_bench_coco_defocus_blur_5_sr_7": 1.4940995459407251,
        "llava_bench_coco_defocus_blur_5_KeyboardAug_1": 1.6301271435501368,
        "llava_bench_coco_defocus_blur_5_KeyboardAug_3": 1.7244320978269043,
        "llava_bench_coco_frost_1_sr_4": 1.1491993524457538,
        "llava_bench_coco_frost_1_sr_7": 1.4477653836137547,
        "llava_bench_coco_frost_1_KeyboardAug_1": 1.5877698314870083,
        "llava_bench_coco_frost_1_KeyboardAug_3": 1.681147631879892,
        "llava_bench_coco_frost_3_sr_4": 1.2197854846074687,
        "llava_bench_coco_frost_3_sr_7": 1.5236261404799623,
        "llava_bench_coco_frost_3_KeyboardAug_1": 1.6608592869452166,
        "llava_bench_coco_frost_3_KeyboardAug_3": 1.758222944036016,
        "llava_bench_coco_frost_5_sr_4": 1.2586792958669577,
        "llava_bench_coco_frost_5_sr_7": 1.5657493547663952,
        "llava_bench_coco_frost_5_KeyboardAug_1": 1.6956223434481155,
        "llava_bench_coco_frost_5_KeyboardAug_3": 1.7929947480204282
    },
    "PearsonR": -0.051981011459993565,
    "PearsonPval": 0.8137827459423039
}